discovery keyword,channel name,email,country,URL,AVG views,AVG engagement,notes,reachOut,total subs,date recorded,sampleSize,id
fornite news,Fortnite,testEmail,country not detected,https://www.youtube.com/channel/UClG8odDC8TS6Zpqk9CGVQiQ/about,"2,166,352.22",2.15%,no notes,1,1692078,2018-05-07 13:31:44,25,UClG8odDC8TS6Zpqk9CGVQiQ
overwatch new hero,To Binge,testEmail,CA,https://www.youtube.com/channel/UCMpwI0ctj_p3bhwJR-_CmDA/about,"1,178,267.46",3.30%,no notes,1,308762,2018-05-07 15:17:54,25,UCMpwI0ctj_p3bhwJR-_CmDA
overwatch,PlayOverwatch,testEmail,country not detected,https://www.youtube.com/channel/UClOf1XXinvZsy4wKPAkro2A/about,"892,623.83",3.93%,no notes,1,2279798,2018-05-07 14:46:41,25,UClOf1XXinvZsy4wKPAkro2A
overwatch gaming,REACT,testEmail,country not detected,https://www.youtube.com/channel/UCHEf6T_gVq4tlW5i91ESiWg/about,"750,395.29",2.97%,no notes,1,9238667,2018-05-07 13:30:26,25,UCHEf6T_gVq4tlW5i91ESiWg
fortnite strategy squad,Daequan Loco,testEmail,country not detected,https://www.youtube.com/channel/UCbJ9W-EexsJSMc4wMPOA9pA/about,"697,889.50",3.72%,no notes,1,1200357,2018-05-07 15:29:07,25,UCbJ9W-EexsJSMc4wMPOA9pA
fortnite strategy,Jesser,testEmail,US,https://www.youtube.com/channel/UCQIUhhcmXsu6cN6n3y9-Pww/about,"658,134.22",3.94%,no notes,1,1556679,2018-05-07 15:27:17,18,UCQIUhhcmXsu6cN6n3y9-Pww
pubg,Shroud,testEmail,CA,https://www.youtube.com/channel/UCoz3Kpu5lv-ALhR4h9bDvcw/about,"573,337.04",2.74%,no notes,1,1619930,2018-05-07 13:31:24,25,UCoz3Kpu5lv-ALhR4h9bDvcw
fortnite strategy,thatdenverguy,testEmail,country not detected,https://www.youtube.com/channel/UCN_kkuZ1b1emUHq2Fz3DWuQ/about,"527,428.17",3.26%,no notes,1,312182,2018-05-07 15:27:38,13,UCN_kkuZ1b1emUHq2Fz3DWuQ
pubg,PUBG TV,testEmail,US,https://www.youtube.com/channel/UCXQ_4o9suWlKtAUUfqn9I5Q/about,"493,007.71",1.45%,no notes,1,641819,2018-05-07 13:31:20,25,UCXQ_4o9suWlKtAUUfqn9I5Q
fortnite strategies and tips,dakotaz,testEmail,US,https://www.youtube.com/channel/UC6ktW65B9xSqrGZVLDn2uEA/about,"488,319.57",3.97%,no notes,1,1582204,2018-05-07 15:27:51,25,UC6ktW65B9xSqrGZVLDn2uEA
COD strategy,Call of Duty,testEmail,country not detected,https://www.youtube.com/channel/UC9YydG57epLqxA9cTzZXSeQ/about,"367,642.43",4.99%,no notes,1,5314064,2018-05-07 13:32:07,25,UC9YydG57epLqxA9cTzZXSeQ
pro overwatch highlights,Overwatch Highlights,testEmail,country not detected,https://www.youtube.com/channel/UC02vp6CdqGfbJFF5tYc8mOw/about,"359,513.87",3.04%,no notes,1,518423,2018-05-07 15:20:33,16,UC02vp6CdqGfbJFF5tYc8mOw
overwatch tips,KarQ,testEmail,CA,https://www.youtube.com/channel/UCQH4V9PiY_eLo4Ihr1tWCwQ/about,"325,409.06",3.51%,no notes,1,186402,2018-05-07 15:16:59,16,UCQH4V9PiY_eLo4Ihr1tWCwQ
dota breakdowns,Monstercat: Uncaged,testEmail,country not detected,https://www.youtube.com/channel/UCJ6td3C9QlPO9O_J5dF4ZzA/about,"321,957.13",3.16%,no notes,1,6841698,2018-05-07 14:45:38,25,UCJ6td3C9QlPO9O_J5dF4ZzA
god of war review,Jeremy Jahns,testEmail,country not detected,https://www.youtube.com/channel/UC7v3-2K1N84V67IF-WTRG-Q/about,"311,427.58",4.13%,no notes,1,1413571,2018-05-07 13:30:57,13,UC7v3-2K1N84V67IF-WTRG-Q
home cinema set,ThatcherJoeVlogs,testEmail,country not detected,https://www.youtube.com/channel/UCzE4rHZD7TdxGqfMzVT_p2w/about,"289,915.50",6.30%,no notes,1,3660147,2018-05-07 15:23:06,14,UCzE4rHZD7TdxGqfMzVT_p2w
starcraft II review,AngryJoeShow,testEmail,country not detected,https://www.youtube.com/channel/UCsgv2QHkT2ljEixyulzOnUQ/about,"257,569.60",4.46%,no notes,1,2961566,2018-05-07 13:30:37,21,UCsgv2QHkT2ljEixyulzOnUQ
overwatch study,Extra Credits,testEmail,US,https://www.youtube.com/channel/UCCODtTcd5M1JavPCOr_Uydg/about,"241,355.54",4.55%,no notes,1,1436073,2018-05-07 14:46:27,13,UCCODtTcd5M1JavPCOr_Uydg
home audio set,Sony Electronics Asia Pacific,testEmail,country not detected,https://www.youtube.com/channel/UCWiGq3CvFbeS0qxsz5eSjug/about,"234,873.87",0.01%,no notes,1,50480,2018-05-07 15:22:40,25,UCWiGq3CvFbeS0qxsz5eSjug
home audio,STARTVSTAR,testEmail,country not detected,https://www.youtube.com/channel/UCsFINj3y7SjBaeUxiSdRjlA/about,"222,871.63",0.83%,no notes,1,872813,2018-05-07 15:22:04,25,UCsFINj3y7SjBaeUxiSdRjlA
fortnite strategy solo,The Goblin,testEmail,country not detected,https://www.youtube.com/channel/UCBiOLEd_eG9Z1Suef9Gt-wQ/about,"202,416.70",2.30%,no notes,1,124080,2018-05-07 15:28:26,25,UCBiOLEd_eG9Z1Suef9Gt-wQ
apple watch review,Krystal Key,testEmail,US,https://www.youtube.com/channel/UCYGjbdDveVI8hGXyQBCeMZQ/about,"196,216.96",2.99%,no notes,1,380661,2018-05-07 13:32:40,25,UCYGjbdDveVI8hGXyQBCeMZQ
pubg xbox 1,PriesT,testEmail,US,https://www.youtube.com/channel/UCK1N1wWVuDy_rhdkeqfsH5Q/about,"190,655.67",3.22%,no notes,1,387653,2018-05-07 15:26:43,25,UCK1N1wWVuDy_rhdkeqfsH5Q
super smash tournement,Alpharad,testEmail,US,https://www.youtube.com/channel/UCBODyKF0JMbUd6D9Bklyzbw/about,"189,216.75",3.95%,no notes,1,742572,2018-05-07 14:47:15,12,UCBODyKF0JMbUd6D9Bklyzbw
overwatch strategy,Your Overwatch,testEmail,country not detected,https://www.youtube.com/channel/UCEzOHrh9snmHJSGu9wmOvsw/about,"185,616.50",3.30%,"- big active channel
- overwatch content",1,634827,2018-05-07 13:31:11,25,UCEzOHrh9snmHJSGu9wmOvsw
overwatch gameplay,TmarTn2,testEmail,US,https://www.youtube.com/channel/UC36MGPfPwOWafAXauiV4LdA/about,"179,638.11",3.34%,"- former big utuber
",1,3148155,2018-05-07 15:17:40,10,UC36MGPfPwOWafAXauiV4LdA
starcraft II review,Smosh Games,testEmail,US,https://www.youtube.com/channel/UCJ2ZDzMRgSrxmwphstrm8Ww/about,"174,619.38",4.60%,"- smosh, former big utubers
- gaming content related
- might be worth?  notsure",1,7238162,2018-05-07 13:30:39,15,UCJ2ZDzMRgSrxmwphstrm8Ww
super smash fox tutorial,My Smash Corner,testEmail,country not detected,https://www.youtube.com/channel/UCUrNeTSE-9VfVr0LF-VT4iA/about,"172,485.00",3.83%,- sporatic uploads,0,174600,2018-05-07 14:47:31,13,UCUrNeTSE-9VfVr0LF-VT4iA
home audio,JRCastroLVVEVO,testEmail,country not detected,https://www.youtube.com/channel/UCyGokpZUFRjw1W2fP7rqWPg/about,"170,510.92",1.03%,- music channnel,0,19043,2018-05-07 15:22:15,14,UCyGokpZUFRjw1W2fP7rqWPg
fornite news,TrueTriz,testEmail,country not detected,https://www.youtube.com/channel/UCRzO050f2DOQ0iZsylVH4dw/about,"156,795.10",7.87%,- gaming channel,1,1024507,2018-05-07 13:31:54,11,UCRzO050f2DOQ0iZsylVH4dw
overwatch tips for beginners,SirDimetrious,testEmail,US,https://www.youtube.com/channel/UCswnhXz7qEVxHGEks0IvcfQ/about,"155,758.33",7.81%,- gaming channel,1,189810,2018-05-07 15:18:33,7,UCswnhXz7qEVxHGEks0IvcfQ
overwatch tips and tricks,Macro,testEmail,US,https://www.youtube.com/channel/UCs3uTN9G4MnZGOfYWoSs9mA/about,"152,424.80",2.46%,- gaming related content,1,43863,2018-05-07 15:18:21,16,UCs3uTN9G4MnZGOfYWoSs9mA
overwatch tips for beginners,SuperButterBuns,testEmail,US,https://www.youtube.com/channel/UCKn72wsF89-DxlA1jlq_fUA/about,"149,905.00",5.64%,- gaming news channel,1,293468,2018-05-07 15:18:31,25,UCKn72wsF89-DxlA1jlq_fUA
dota 2,NoobFromUA,testEmail,country not detected,https://www.youtube.com/channel/UCfsOfLvadg89Bx8Sv_6WERg/about,"147,695.21",0.72%,- pro gaming clips,0,782998,2018-05-07 13:33:03,25,UCfsOfLvadg89Bx8Sv_6WERg
pubg,PUBG WTF,testEmail,US,https://www.youtube.com/channel/UCT1d4QydLziQUmp_lqQirMQ/about,"147,307.12",1.48%,- pubg clips,1,310080,2018-05-07 13:31:27,18,UCT1d4QydLziQUmp_lqQirMQ
overwatch,Dabacabb,testEmail,US,https://www.youtube.com/channel/UCSCBIF1VxeqR-k3XgGH41uA/about,"136,868.48",2.52%,- gaming clips,0,395255,2018-05-07 14:46:45,25,UCSCBIF1VxeqR-k3XgGH41uA
pubg,Luladopub,testEmail,country not detected,https://www.youtube.com/channel/UCXEa3KTNQkkZ8OTFOKwSgSQ/about,"133,078.18",11.28%,- foreign channel,0,163162,2018-05-07 14:45:05,20,UCXEa3KTNQkkZ8OTFOKwSgSQ
pro overwatch vods,xQcOW,testEmail,CA,https://www.youtube.com/channel/UCmDTrq0LNgPodDOFZiSbsww/about,"131,634.21",4.33%,- gaming channel,1,152349,2018-05-07 15:21:33,25,UCmDTrq0LNgPodDOFZiSbsww
home audio,SnohAalegraVEVO,testEmail,country not detected,https://www.youtube.com/channel/UC8cW5MHsFc5S3A2_X9bDfRQ/about,"131,505.39",1.02%,???,0,13728,2018-05-07 15:22:20,19,UC8cW5MHsFc5S3A2_X9bDfRQ
pubg tips,Fugglet,testEmail,country not detected,https://www.youtube.com/channel/UCab4X4DJndQToyX8F68ys0w/about,"118,946.46",3.89%,- pubg content,1,299436,2018-05-07 15:25:15,25,UCab4X4DJndQToyX8F68ys0w
pubG gameplay,StoneMountain64,testEmail,US,https://www.youtube.com/channel/UCN-v-Xn9S7oYk0X2v1jx1Qg/about,"118,060.56",4.02%,- misc gaming channel,1,1690219,2018-05-07 15:24:52,9,UCN-v-Xn9S7oYk0X2v1jx1Qg
overwatch new hero,RejectedShotgun,testEmail,US,https://www.youtube.com/channel/UCV4tUT6UPpvc31z8fBB5MVw/about,"113,486.29",2.10%,- gaming news overwatch,1,294729,2018-05-07 15:17:56,15,UCV4tUT6UPpvc31z8fBB5MVw
god of war review,Downward Thrust,testEmail,US,https://www.youtube.com/channel/UCCOD-tcFzMSiaNkSUB_KVjQ/about,"109,243.09",5.38%,"- gaming news channel
- talks about the meta of gaming industry etc",1,279133,2018-05-07 13:31:01,25,UCCOD-tcFzMSiaNkSUB_KVjQ
overwatch,FreshNuts,testEmail,US,https://www.youtube.com/channel/UC3lfyypCC8Jyhao9TivsOYA/about,"104,451.29",2.37%,- gaming clips,0,64453,2018-05-07 14:46:49,25,UC3lfyypCC8Jyhao9TivsOYA
overwatch,ohnickel,testEmail,US,https://www.youtube.com/channel/UC3xbjTJT2pVNR6b94Vaei5g/about,"96,370.21",3.27%,- overwatch channel,1,917946,2018-05-07 15:17:16,25,UC3xbjTJT2pVNR6b94Vaei5g
dota2,dota2,testEmail,country not detected,https://www.youtube.com/channel/UCTQKT5QqO3h7y32G8VzuySQ/about,"95,750.92",0.62%,- brand channel,0,594269,2018-05-07 13:33:08,25,UCTQKT5QqO3h7y32G8VzuySQ
razer phone review,Erica Griffin,testEmail,US,https://www.youtube.com/channel/UCB2527zGV3A0Km_quJiUaeQ/about,"92,729.85",3.75%,- tech gadget reviews,1,782254,2018-05-07 13:30:07,22,UCB2527zGV3A0Km_quJiUaeQ
overwatch gameplay,Mr. Fruit Gaming Channel,testEmail,US,https://www.youtube.com/channel/UCV96ER3MAI1S81HH6l9wwbQ/about,"87,288.17",5.59%,"- gaming channel
- former big utuber",1,1295459,2018-05-07 15:17:39,13,UCV96ER3MAI1S81HH6l9wwbQ
fortnite strategy,Nerd Plays,testEmail,US,https://www.youtube.com/channel/UCBUsXJkXkLYTgNuP8NLoj4w/about,"84,161.46",4.50%,- fortnight gaming,1,1032920,2018-05-07 15:27:25,25,UCBUsXJkXkLYTgNuP8NLoj4w
fortnite strategy ps4,Poofesure,testEmail,US,https://www.youtube.com/channel/UCwboyKXJkCiHajQorzh-agQ/about,"83,262.90",4.02%,- fortnite comedy viideos?,1,131963,2018-05-07 15:28:50,11,UCwboyKXJkCiHajQorzh-agQ
fornite news,TheCampingRusher - Fortnite,testEmail,CA,https://www.youtube.com/channel/UCwMFwvFgLaFad8ZnKsWBneg/about,"79,958.29",5.30%,"- former big utuber
- currently playing fortnite",1,1089432,2018-05-07 13:31:52,8,UCwMFwvFgLaFad8ZnKsWBneg
fortnite strategy,rhinocrunch,testEmail,US,https://www.youtube.com/channel/UCNFbcu5tU8eFPhjORNPq9pQ/about,"78,553.14",4.79%,- gaming clips,0,1159930,2018-05-07 15:27:26,7,UCNFbcu5tU8eFPhjORNPq9pQ
home audio,Atlantic Records,testEmail,country not detected,https://www.youtube.com/channel/UCe4LM_eKc9ywRmVuBm5pjQg/about,"78,334.45",5.43%,- brand channel,0,7678613,2018-05-07 15:22:01,21,UCe4LM_eKc9ywRmVuBm5pjQg
overwatch tips,FantasticalGamer,testEmail,US,https://www.youtube.com/channel/UCeCYRv2Odpjfr41ts_PkiTw/about,"77,648.48",2.34%,"- fortnight gameplay
- news",1,1084450,2018-05-07 15:16:53,25,UCeCYRv2Odpjfr41ts_PkiTw
overwatch new hero,Cubby Cramer,testEmail,country not detected,https://www.youtube.com/channel/UCCXT3JVyTo-C4tixskXdJ2A/about,"77,323.80",3.68%,"- overwatch prank videos
- made me lol",1,49072,2018-05-07 15:17:51,16,UCCXT3JVyTo-C4tixskXdJ2A
pro overwatch,Arkoffusion,testEmail,US,https://www.youtube.com/channel/UCBTz9YhhXVTM3S89p84R-UQ/about,"77,028.72",0.63%,- dead channel,0,16259,2018-05-07 15:20:04,19,UCBTz9YhhXVTM3S89p84R-UQ
overwatch gameplay,MOLT,testEmail,country not detected,https://www.youtube.com/channel/UCpk3zQzLnN5WwcA8gRcPgiw/about,"74,254.17",4.40%,- mobile games,0,2624731,2018-05-07 15:17:43,19,UCpk3zQzLnN5WwcA8gRcPgiw
fortnite strategy squad,Blitz,testEmail,US,https://www.youtube.com/channel/UCK3eoeo-HGHH11Pevo1MzfQ/about,"74,152.43",2.14%,- random gameplay channel,0,1457648,2018-05-07 15:29:15,15,UCK3eoeo-HGHH11Pevo1MzfQ
Ryzen 2,Хороший выбор!,testEmail,country not detected,https://www.youtube.com/channel/UCTdnSQQAx81nq7FY5joyQGA/about,"72,855.25",6.11%,- russian channel,0,520030,2018-05-07 15:21:39,25,UCTdnSQQAx81nq7FY5joyQGA
fortnite strategies and tips,OmniPie,testEmail,US,https://www.youtube.com/channel/UC7ATST8w4x4Bpl3v5oEDbJQ/about,"72,589.62",1.14%,- fornite channel,1,60100,2018-05-07 15:27:48,15,UC7ATST8w4x4Bpl3v5oEDbJQ
overwatch tracer tutorial,Unit Lost - Great British Gaming,testEmail,country not detected,https://www.youtube.com/channel/UCeJTUiYP64xtfzpL-AagZGA/about,"71,959.25",4.29%,- overwatch tips,1,659226,2018-05-07 14:45:59,12,UCeJTUiYP64xtfzpL-AagZGA
overwatch,Overwatch Moments - SparkTV,testEmail,US,https://www.youtube.com/channel/UCKNr5GHGYZUKNQAxtHj9ldw/about,"71,689.17",2.31%,- gameplay clips,0,287427,2018-05-07 15:17:29,25,UCKNr5GHGYZUKNQAxtHj9ldw
pubg tips,Nick Bunyun,testEmail,country not detected,https://www.youtube.com/channel/UChAO7Y_97MBAgE5xi_eIe-Q/about,"65,840.28",3.96%,- csGo channel,1,1158692,2018-05-07 15:25:18,19,UChAO7Y_97MBAgE5xi_eIe-Q
overwatch new hero,Force Gaming,testEmail,country not detected,https://www.youtube.com/channel/UCGhs9S33RAeT5DEuKTO4Oew/about,"64,794.30",2.81%,- gaming channel,1,751571,2018-05-07 15:18:05,25,UCGhs9S33RAeT5DEuKTO4Oew
xbox review,Game Sack,testEmail,US,https://www.youtube.com/channel/UCT6LaAC9VckZYJUzutUW3PQ/about,"63,459.17",4.69%,- gaming related content,1,195691,2018-05-07 13:30:46,24,UCT6LaAC9VckZYJUzutUW3PQ
overwatch tips for genji,RiftyisSpiffy,testEmail,country not detected,https://www.youtube.com/channel/UCVVKDdfxKSCDh84cMkY3kJw/about,"61,296.44",8.22%,- overwatch,1,205400,2018-05-07 15:19:03,9,UCVVKDdfxKSCDh84cMkY3kJw
overwatch,Recall - Overwatch Moments,testEmail,country not detected,https://www.youtube.com/channel/UCMv-zxJuFkpRnNRQhFuVKEg/about,"60,686.25",2.01%,- gameplay clips,0,103349,2018-05-07 15:17:26,25,UCMv-zxJuFkpRnNRQhFuVKEg
pubg tips,Powerbang Gaming,testEmail,US,https://www.youtube.com/channel/UCqSeA-rZs6GOfZrs9jZRXtA/about,"59,653.00",4.98%,- pubg content,1,333380,2018-05-07 15:25:30,25,UCqSeA-rZs6GOfZrs9jZRXtA
super smash fox tutorial,ZeRo,testEmail,US,https://www.youtube.com/channel/UCc8JKj5y6NVUd7RooLMvjdQ/about,"58,924.00",5.20%,- pro super smash player,0,220241,2018-05-07 14:47:29,25,UCc8JKj5y6NVUd7RooLMvjdQ
overwatch tutoriial,Rhykker,testEmail,country not detected,https://www.youtube.com/channel/UCRl31PWkfF0a3j3hiDRaCGA/about,"57,393.88",3.12%,- diablo content,1,385822,2018-05-07 14:46:14,16,UCRl31PWkfF0a3j3hiDRaCGA
pubg tips,WhatCulture Gaming,testEmail,country not detected,https://www.youtube.com/channel/UCvO9Xk3bheuxEemvknCj72g/about,"57,368.36",3.25%,- gaming news channel,1,832639,2018-05-07 15:25:06,15,UCvO9Xk3bheuxEemvknCj72g
fortnite strategies and tips,The Gamer Couple,testEmail,US,https://www.youtube.com/channel/UCOKBpvmvWfoG9l7MsybOPBA/about,"54,017.91",4.14%,- fornite content,1,92565,2018-05-07 15:27:43,25,UCOKBpvmvWfoG9l7MsybOPBA
pro overwatch,TheFattenedSausage,testEmail,US,https://www.youtube.com/channel/UCwWoFOQW49JjR1ArMlFljjQ/about,"47,815.83",2.53%,- overwatch clips,0,56685,2018-05-07 15:20:11,25,UCwWoFOQW49JjR1ArMlFljjQ
pubg tips mobile,Polygon,testEmail,country not detected,https://www.youtube.com/channel/UCuVxaQDraOja6xKidcmoufA/about,"47,111.63",3.11%,- gaming content channel,1,442297,2018-05-07 15:27:01,17,UCuVxaQDraOja6xKidcmoufA
overwatch tips,Blame The Controller - Overwatch,testEmail,US,https://www.youtube.com/channel/UCmSwqv2aPbuOGiuii2TeaLQ/about,"45,537.50",4.35%,"- gaming channel
- overwatch newss",1,263111,2018-05-07 15:17:05,13,UCmSwqv2aPbuOGiuii2TeaLQ
overwatch new hero,Nateson,testEmail,US,https://www.youtube.com/channel/UCbQ29UgvKUbFjWiLt-FUGKQ/about,"44,847.67",5.53%,"- gaming channel
- overwatch news",1,101509,2018-05-07 15:18:02,25,UCbQ29UgvKUbFjWiLt-FUGKQ
overwatch tips for beginners,TGN,testEmail,CA,https://www.youtube.com/channel/UCVXIl8kDnBLlpbpukSZyluw/about,"44,624.73",3.87%,- gaming content channel,1,1185943,2018-05-07 15:18:27,11,UCVXIl8kDnBLlpbpukSZyluw
apple watch review,JeanineTV Vlogs,testEmail,US,https://www.youtube.com/channel/UC6z28hd5kT9dp5wjNnbb2ZA/about,"42,731.47",6.58%,- vlog channel,0,230097,2018-05-07 13:32:36,15,UC6z28hd5kT9dp5wjNnbb2ZA
overwatch tips,Blizzard Guides,testEmail,country not detected,https://www.youtube.com/channel/UCkC7aJat8Bh4kz4hgx0Thdw/about,"42,534.25",2.41%,"- gaming channel
- overwatch tips",1,45623,2018-05-07 15:16:55,9,UCkC7aJat8Bh4kz4hgx0Thdw
overwatch gaming,Overwatch Moments - Gaming Curios,testEmail,US,https://www.youtube.com/channel/UCAuI-Z03JwnDsVAwB5G2tfw/about,"42,359.17",2.62%,- overwatch clips,0,593439,2018-05-07 13:30:23,25,UCAuI-Z03JwnDsVAwB5G2tfw
home audio,MAX,testEmail,country not detected,https://www.youtube.com/channel/UCQIRM93QxhQ4pGm0cxuCXDw/about,"41,622.13",5.63%,- art channel,0,1544358,2018-05-07 15:22:32,9,UCQIRM93QxhQ4pGm0cxuCXDw
pubg tips,The Average Sniper,testEmail,US,https://www.youtube.com/channel/UCeBiljCj-bcYGRFDVf1Pt0g/about,"40,674.29",2.93%,"- gaming channel
- pubg",1,118000,2018-05-07 15:25:07,8,UCeBiljCj-bcYGRFDVf1Pt0g
fortnite strategy,Rodey Bros,testEmail,US,https://www.youtube.com/channel/UClRhBEk6jWCU1Fyj_sjQ8kw/about,"40,615.95",3.21%,"- gaming channel
- fortnite",1,77944,2018-05-07 15:27:22,22,UClRhBEk6jWCU1Fyj_sjQ8kw
starcraft tourney,ESL,testEmail,country not detected,https://www.youtube.com/channel/UC0G2qz-hoaCswQNgoWU_LTw/about,"39,041.25",0.89%,- esports channel,0,987322,2018-05-07 14:45:44,25,UC0G2qz-hoaCswQNgoWU_LTw
overwatch study,Makin' Stuff Look Good,testEmail,CA,https://www.youtube.com/channel/UCEklP9iLcpExB8vp_fWQseg/about,"38,533.55",3.50%,- art channel,0,36477,2018-05-07 14:46:21,22,UCEklP9iLcpExB8vp_fWQseg
super smash bro tutorial,SSBM Tutorials,testEmail,US,https://www.youtube.com/channel/UC46ZTid4t2ctB6osM0WTiJA/about,"38,393.94",3.78%,- dead channnel,0,86768,2018-05-07 14:46:53,20,UC46ZTid4t2ctB6osM0WTiJA
pro overwatch highlights,Genzo Overwatch,testEmail,country not detected,https://www.youtube.com/channel/UC2pWX3jWKlteFKiAp6yewRQ/about,"37,046.14",1.17%,- dead channel,0,5391,2018-05-07 15:20:36,24,UC2pWX3jWKlteFKiAp6yewRQ
ps4 review,91Tech,testEmail,CA,https://www.youtube.com/channel/UC4xZF3xguQCG76hZVUivoXw/about,"36,150.33",3.49%,- mobile tech review,1,26482,2018-05-07 13:30:52,19,UC4xZF3xguQCG76hZVUivoXw
overwatch tips,The Leaderboard,testEmail,US,https://www.youtube.com/channel/UCkYEKuyQJXIXunUD7Vy3eTw/about,"21,955.00",2.69%,- some type of news channel,1,620876,2018-05-07 15:17:03,25,UCkYEKuyQJXIXunUD7Vy3eTw
overwatch tips,JoeKing,testEmail,US,https://www.youtube.com/channel/UCZMMS-o10rVN7-9hogl2weA/about,"21,309.58",4.05%,- overwatch gaming news,1,44432,2018-05-07 15:17:01,13,UCZMMS-o10rVN7-9hogl2weA
super smash falco,Dragon Smash,testEmail,country not detected,https://www.youtube.com/channel/UCd5AJwFW4lU_zqIBvVYw0Jg/about,"36,989.46",4.01%,- supersmash gameplay,0,60666,2018-05-07 14:47:24,25,UCd5AJwFW4lU_zqIBvVYw0Jg
worst wireless headphones,Nintendo Life,testEmail,n/a,https://www.youtube.com/channel/UCl7ZXbZUCWI2Hz--OrO4bsA/about,"36,511.57",4.70%,- brand channel,0,245490,2018-04-30 15:01:19,25,UCl7ZXbZUCWI2Hz--OrO4bsA
gaming mouse and keyboard,402THUNDER402,testEmail,US,https://www.youtube.com/channel/UC-uyvnv84IIzV3G_O4fPYgA/about,"36,237.71",11.46%,- gaming news channel,1,710979,2018-05-01 14:20:46,7,UC-uyvnv84IIzV3G_O4fPYgA
ps4 review,91Tech,testEmail,CA,https://www.youtube.com/channel/UC4xZF3xguQCG76hZVUivoXw/about,"36,150.33",3.49%,no notes,0,26482,2018-05-07 13:30:52,19,UC4xZF3xguQCG76hZVUivoXw
wireless headphones for running,Jaybird,testEmail,n/a,https://www.youtube.com/channel/UChoars7mNPm8mWNMX0JYuVw/about,"35,709.31",0.06%,- brand channel,0,15104,2018-04-30 15:00:43,14,UChoars7mNPm8mWNMX0JYuVw
worst cpu,RON93ALDO9,testEmail,n/a,https://www.youtube.com/channel/UCsDhO3Gl7R5NT7jJZp-lrzw/about,"35,663.60",0.34%,- soccar channel,0,73,2018-04-30 12:14:53,5,UCsDhO3Gl7R5NT7jJZp-lrzw
DSLR review,Chris Winter,testEmail,n/a,https://www.youtube.com/channel/UCWhJUz6BvjkhaW4AfSrBevw/about,"35,656.71",3.51%,- camera channel,0,291927,2018-04-30 14:41:22,25,UCWhJUz6BvjkhaW4AfSrBevw
razer keyboard,DusDavidGames,testEmail,n/a,https://www.youtube.com/channel/UCB8b8H_V6NMz8KdPtbdEq7g/about,"35,464.67",7.45%,- foreign channel,0,713518,2018-04-30 12:30:37,25,UCB8b8H_V6NMz8KdPtbdEq7g
mech keyboard tutorial,José Faria,testEmail,n/a,https://www.youtube.com/channel/UCg8T5hoGPocYWY2KSHUg-sQ/about,"33,592.48",0.24%,- dead chanel,0,2520,2018-04-30 11:06:15,24,UCg8T5hoGPocYWY2KSHUg-sQ
audio technica ATH-E70 review,LORELYNF,testEmail,US,https://www.youtube.com/channel/UCmA9AwHwRQtBghd4GIT5eag/about,"32,855.50",3.49%,- foreign channel,0,163011,2018-04-30 11:17:51,13,UCmA9AwHwRQtBghd4GIT5eag
ableton push review,Sequence One,testEmail,n/a,https://www.youtube.com/channel/UCMkSVdfVn2n7EaaKpcevj3w/about,"32,751.38",1.17%,- ableton push channel,0,4756,2018-04-30 12:10:30,8,UCMkSVdfVn2n7EaaKpcevj3w
pubg tips,xTyler73,testEmail,country not detected,https://www.youtube.com/channel/UCuON-dDlL8crxg1I430mYVQ/about,"32,654.43",2.47%,- dead channel,0,57965,2018-05-07 15:25:13,15,UCuON-dDlL8crxg1I430mYVQ
pc setup tour,Kephrii,testEmail,US,https://www.youtube.com/channel/UCUGHabcIVqEiJAoDqcpSqyw/about,"32,646.69",4.24%,"- gaming channel
- overwatch",0,304649,2018-04-30 12:21:55,13,UCUGHabcIVqEiJAoDqcpSqyw
gaming keyboard vs regular keyboard,Tommyttk,testEmail,n/a,https://www.youtube.com/channel/UCl3DmXpHyTCUxhReeyMwZhQ/about,"32,389.33",1.19%,- dead channel,0,4433,2018-04-30 12:24:26,3,UCl3DmXpHyTCUxhReeyMwZhQ
gaming monitor setup,Aliciya,testEmail,n/a,https://www.youtube.com/channel/UCeNWIO-Jubjq9MQ8cUzdH9w/about,"32,262.38",6.13%,- dead channel,0,251758,2018-04-30 14:38:00,25,UCeNWIO-Jubjq9MQ8cUzdH9w
gaming tv,Rtings.com,testEmail,n/a,https://www.youtube.com/channel/UCAi6GKtTPoYxUheIbVhnwqw/about,"32,111.96",2.44%,- tech review channel,1,49464,2018-04-30 14:40:46,25,UCAi6GKtTPoYxUheIbVhnwqw
COD strategy,SwaggXBL,testEmail,US,https://www.youtube.com/channel/UCW1CGYCjfKhNLGp_Os1g_Pg/about,"31,989.00",4.58%,- COD streaming channel,1,295371,2018-05-07 13:32:10,18,UCW1CGYCjfKhNLGp_Os1g_Pg
mech keycaps,Tested,testEmail,n/a,https://www.youtube.com/channel/UCiDJtJKMICpb9B1qf7qjEOA/about,"31,984.36",3.49%,- brand channell,0,3237299,2018-04-30 10:19:38,16,UCiDJtJKMICpb9B1qf7qjEOA
pro overwatch tips,Blitz Esports Overwatch,testEmail,US,https://www.youtube.com/channel/UCtmAoCaD80x85FVwf5R--Hw/about,"31,983.42",3.72%,- overwatch tips,0,63060,2018-05-07 15:19:57,25,UCtmAoCaD80x85FVwf5R--Hw
best overhead headphones,HowToMen,testEmail,n/a,https://www.youtube.com/channel/UCqjVP9gAanUGFgTA5BRDvyA/about,"31,233.39",3.47%,- android tech reviews,1,279269,2018-04-30 11:09:29,25,UCqjVP9gAanUGFgTA5BRDvyA
mech keyboard tutorial,iluvbeanz,testEmail,n/a,https://www.youtube.com/channel/UC8WqdwRVjibpzHqvg_69gzw/about,"31,216.37",0.77%,- dead channel,0,7943,2018-04-30 11:05:38,21,UC8WqdwRVjibpzHqvg_69gzw
best mech keys,ThioJoeTech,testEmail,US,https://www.youtube.com/channel/UCrjliuC6PeXJ4P8XYl_iETQ/about,"31,200.88",4.41%,- has a new channel,0,179815,2018-04-30 11:02:38,9,UCrjliuC6PeXJ4P8XYl_iETQ
Ryzen 2,Gamer Meld,testEmail,US,https://www.youtube.com/channel/UCkK4Tzb9ieuAhcyWUZnLBBQ/about,"31,159.68",4.63%,"- pc hardware channe
- not sure how well this channel can sell",1,45801,2018-05-07 15:21:42,25,UCkK4Tzb9ieuAhcyWUZnLBBQ
gaming chair with speakers,Truyen steven,testEmail,n/a,https://www.youtube.com/channel/UCmqvhrty_4V544SItTRdk-A/about,"30,278.60",0.46%,- dead channel,0,2170,2018-04-30 14:49:55,16,UCmqvhrty_4V544SItTRdk-A
wireless headphone unboxing,locoboof,testEmail,n/a,https://www.youtube.com/channel/UCS9elRv1JlNxGnPzrHVPWjw/about,"30,169.50",0.86%,- general uboxing,1,34815,2018-04-30 14:57:48,25,UCS9elRv1JlNxGnPzrHVPWjw
overwatch tips and tricks,spumwack,testEmail,country not detected,https://www.youtube.com/channel/UCZn7PaewEW5Iq1EAGcK3mVA/about,"30,093.93",5.70%,- gaming + vlog,1,183794,2018-05-07 15:18:23,16,UCZn7PaewEW5Iq1EAGcK3mVA
fortnite strategy xbox,OpTicBigTymeR,testEmail,US,https://www.youtube.com/channel/UCnY4FZJNlgPVTEDgV9vZHjw/about,"29,709.31",7.41%,"- gaming channel
- fornites",1,724232,2018-05-07 15:29:21,14,UCnY4FZJNlgPVTEDgV9vZHjw
home audio,Manthan,testEmail,country not detected,https://www.youtube.com/channel/UCgtcw4TjxrLemeDYzwSSPdA/about,"29,428.50",0.56%,- dead channel,0,1544,2018-05-07 15:22:09,13,UCgtcw4TjxrLemeDYzwSSPdA
headphone amps,Kirby Meets Audio,testEmail,US,https://www.youtube.com/channel/UCOuow_HIYmeaIqi42zVs3qg/about,"29,013.00",2.91%,- DIY audio channel,0,136877,2018-04-30 11:19:42,25,UCOuow_HIYmeaIqi42zVs3qg
razer review,TetraNinja,testEmail,n/a,https://www.youtube.com/channel/UCSVv3TMby4KxNOVT1lYy9oA/about,"28,876.50",3.69%,"- gaming channel
- gameplay thrus",1,1729654,2018-04-30 12:29:36,13,UCSVv3TMby4KxNOVT1lYy9oA
graphic card review,Bizon Computers (Bizon Pc),testEmail,n/a,https://www.youtube.com/channel/UCz7XXThBQzM3Ff5qWn4mARQ/about,"28,860.08",1.20%,- dead channel,0,2197,2018-04-30 12:11:16,13,UCz7XXThBQzM3Ff5qWn4mARQ
mech keycaps,TheMaxKeyboard,testEmail,n/a,https://www.youtube.com/channel/UC3fU1wWOkCvUdMRBR52R_Cg/about,"28,772.25",0.63%,- dead channel,0,2769,2018-04-30 11:06:33,25,UC3fU1wWOkCvUdMRBR52R_Cg
fortnite strategies and tips,Fortnite Battle Royale Highlights,testEmail,country not detected,https://www.youtube.com/channel/UCLPNKanzp0OHVTIPvE5IS0w/about,"27,831.42",1.19%,- gaming highlight clip,0,90854,2018-05-07 15:27:46,25,UCLPNKanzp0OHVTIPvE5IS0w
gaming pc setup tour,lilsimsie,testEmail,US,https://www.youtube.com/channel/UC_TYFButglZuuDbD-0Q_IzQ/about,"27,601.96",6.84%,"- gaming channel
- streamer
- sims
- seems to have a lot of girl commenters",1,203743,2018-04-30 12:22:38,25,UC_TYFButglZuuDbD-0Q_IzQ
camera review,vagabrothers,testEmail,US,https://www.youtube.com/channel/UCa1WbVCkTqd5ecG6G2adIow/about,"27,183.23",6.37%,-- travell vlog channel,0,618824,2018-04-30 14:42:39,15,UCa1WbVCkTqd5ecG6G2adIow
pubg tips,PUBG MOBILE,testEmail,country not detected,https://www.youtube.com/channel/UCKuBf7CRNf4OYoDyTtAL5fg/about,"27,106.00",4.48%,- brand channel,0,13294,2018-05-07 15:25:24,3,UCKuBf7CRNf4OYoDyTtAL5fg
gaming mouse unboxing,wtfmoses,testEmail,CA,https://www.youtube.com/channel/UC8OxLAr0vFtJrE_C-xXN6QA/about,"26,964.00",3.33%,- already working with,1,66193,2018-04-30 14:53:29,25,UC8OxLAr0vFtJrE_C-xXN6QA
razer keyboard,Axel,testEmail,n/a,https://www.youtube.com/channel/UCVEAzFSFmr5lwpgHi6LY53A/about,"26,867.14",7.93%,- foregn content,0,156636,2018-04-30 12:30:30,7,UCVEAzFSFmr5lwpgHi6LY53A
dota 2 strat,GameLeap,testEmail,US,https://www.youtube.com/channel/UCy0-ftAwxMHzZc74OhYT3PA/about,"26,834.35",1.54%,"- gaming channel
- DOTA 2 strat",1,85113,2018-05-07 13:33:27,18,UCy0-ftAwxMHzZc74OhYT3PA
mechanical gaming keyboard review,HyperX,testEmail,US,https://www.youtube.com/channel/UCmONQe9yHyPcETc5xdiZMcA/about,"26,695.71",2.06%,- brand channel,0,527423,2018-04-30 12:27:03,25,UCmONQe9yHyPcETc5xdiZMcA
Ryzen 2,Testing Games,testEmail,country not detected,https://www.youtube.com/channel/UCueyCLPsCxjk1ZwtAmu6Gvw/about,"26,090.17",3.04%,- bench marking channel,1,59870,2018-05-07 15:21:45,25,UCueyCLPsCxjk1ZwtAmu6Gvw
gaming pc unboxing,KreekCraft,testEmail,US,https://www.youtube.com/channel/UCxsk7hqE_CwZWGEJEkGanbA/about,"26,074.08",5.42%,"""- game streamer
- roblox
- not sure this would do well as a youtube sponsor""	",0,380931,2018-04-30 12:17:46,25,UCxsk7hqE_CwZWGEJEkGanbA
pubg tips advanced,Vault Dude,testEmail,US,https://www.youtube.com/channel/UCh9RrlYIoHZ4WRahN-dypmQ/about,"25,666.48",3.18%,"- gaming channel
- pubg",1,48800,2018-05-07 15:26:31,25,UCh9RrlYIoHZ4WRahN-dypmQ
fortnite strategy,MonsterDface,testEmail,US,https://www.youtube.com/channel/UCMph-Y2lOfv5G9XPtg2I4IA/about,"25,632.91",4.01%,"- gaming channel
- streams as well",1,99045,2018-05-07 15:27:19,25,UCMph-Y2lOfv5G9XPtg2I4IA
ableton push review,DJ TechTools,testEmail,US,https://www.youtube.com/channel/UCkZQQVgNUToyz5bocyA-cog/about,"25,548.57",1.76%,- music channel,0,282252,2018-04-30 12:09:08,22,UCkZQQVgNUToyz5bocyA-cog
DSLR review,Jared Polin,testEmail,US,https://www.youtube.com/channel/UCZG-C5esGZyVfxO2qXa1Zmw/about,"25,466.75",3.92%,- camera channel,0,782258,2018-04-30 14:41:46,25,UCZG-C5esGZyVfxO2qXa1Zmw
COD strategy,YouAlwaysWin,testEmail,CA,https://www.youtube.com/channel/UCj4I9NfO3xIvl-Ym2Qzib1Q/about,"25,321.26",4.56%,- gaming channell,1,2613214,2018-05-07 13:31:58,25,UCj4I9NfO3xIvl-Ym2Qzib1Q
gaming rig setups,Alex Mandel Vlog,testEmail,n/a,https://www.youtube.com/channel/UCwuRC9oEYPRV_drofrS-4kg/about,"25,251.47",4.67%,- vlog channel,0,481051,2018-04-30 12:15:33,18,UCwuRC9oEYPRV_drofrS-4kg
ableton push review,modul8tor,testEmail,n/a,https://www.youtube.com/channel/UCeEUQ2fQUi-WtfMZwAylwuw/about,"25,233.60",0.66%,- music channel,0,1253,2018-04-30 12:09:53,5,UCeEUQ2fQUi-WtfMZwAylwuw
best wireless headphones,The Unboxers,testEmail,n/a,https://www.youtube.com/channel/UCOmn6l7z7e-vFX3TybUvHPw/about,"25,131.35",1.41%,- weiird channel,0,5110,2018-04-30 11:16:34,25,UCOmn6l7z7e-vFX3TybUvHPw
overwatch tips for solder 76,Overpwn,testEmail,country not detected,https://www.youtube.com/channel/UC-wzdZZ3FOag4O2QsltxBIQ/about,"25,104.88",0.43%,dead channel,0,1784,2018-05-07 15:19:44,25,UC-wzdZZ3FOag4O2QsltxBIQ
PCB keyboard,BiNiaRiS,testEmail,n/a,https://www.youtube.com/channel/UC4fevdTnz1v_uwHq7LFQ7_w/about,"24,645.67",0.46%,- dead channel,0,21,2018-04-30 12:12:12,3,UC4fevdTnz1v_uwHq7LFQ7_w
bluetooth earbuds,Yuryev Family,testEmail,n/a,https://www.youtube.com/channel/UC99Q63f9zthgZFvFQcKiFSA/about,"23,868.50",0.40%,- some family channel,0,237,2018-04-30 15:03:03,8,UC99Q63f9zthgZFvFQcKiFSA
cheap headphone review,Matt Schaefer,testEmail,US,https://www.youtube.com/channel/UCET0jPMhgiSfdZybhyrIMhA/about,"23,729.92",4.18%,- bad reviews of channel,0,517504,2018-04-30 10:20:10,25,UCET0jPMhgiSfdZybhyrIMhA
fortnite strategy,PrinceDanny,testEmail,US,https://www.youtube.com/channel/UC9uWvVGad381UaDyg_J8YZg/about,"23,130.75",4.61%,"- gaming channel
- fortnite",1,40269,2018-05-07 15:27:36,25,UC9uWvVGad381UaDyg_J8YZg
best beginner headphones,recordingrevolution,testEmail,US,https://www.youtube.com/channel/UCjRzsiP_aDWWLHV4-2LKBtg/about,"23,116.33",3.96%,- music channell,0,399957,2018-04-30 10:20:22,25,UCjRzsiP_aDWWLHV4-2LKBtg
gaming pc under 300,Andy Ino,testEmail,US,https://www.youtube.com/channel/UCR60f_ndLSdk1ieI-LIRQnA/about,"22,918.00",2.50%,- dead channel,0,66094,2018-04-30 12:19:11,10,UCR60f_ndLSdk1ieI-LIRQnA
most expensive computer build,Kizzon,testEmail,US,https://www.youtube.com/channel/UCbJfCkvUeZ10ahJfbiwbAZA/about,"22,768.88",2.08%,- dead channel,0,6923,2018-05-07 13:32:19,9,UCbJfCkvUeZ10ahJfbiwbAZA
camera review,DPReview,testEmail,US,https://www.youtube.com/channel/UCqP1gIWh2SM3lRXf373gMNQ/about,"22,735.92",0.81%,- brand channel,0,74780,2018-04-30 14:42:59,13,UCqP1gIWh2SM3lRXf373gMNQ
gaming tv,Armando Ferreira,testEmail,US,https://www.youtube.com/channel/UCXzySgo3V9KysSfELFLMAeA/about,"22,467.50",3.52%,- misc tech channnel,1,306668,2018-04-30 14:41:07,15,UCXzySgo3V9KysSfELFLMAeA
headphone amps,Make:,testEmail,n/a,https://www.youtube.com/channel/UChtY6O8Ahw2cz05PS2GhUbg/about,"22,328.04",2.53%,- DIY channel,1,1606560,2018-04-30 11:20:02,25,UChtY6O8Ahw2cz05PS2GhUbg
gaming pc setup tour,Ryan Franklin,testEmail,n/a,https://www.youtube.com/channel/UCi2QxtjB7UR0D7fJO2r0CeQ/about,"22,170.27",8.09%,- vlog channel,0,157007,2018-04-30 12:22:22,24,UCi2QxtjB7UR0D7fJO2r0CeQ
wireless earbuds unboxing,Droid Life,testEmail,n/a,https://www.youtube.com/channel/UCTGBHncizmXKmgvwwLh8UlQ/about,"22,084.83",1.75%,- android tech reviews,1,287159,2018-04-30 15:02:25,25,UCTGBHncizmXKmgvwwLh8UlQ
overwatch tips,The Leaderboard,testEmail,US,https://www.youtube.com/channel/UCkYEKuyQJXIXunUD7Vy3eTw/about,"21,955.00",2.69%,no notes,0,620876,2018-05-07 15:17:03,25,UCkYEKuyQJXIXunUD7Vy3eTw
liquid cooling vs air cooling,CORSAIR,testEmail,n/a,https://www.youtube.com/channel/UCPy4EQ9HhP-g9xc4yDahhnQ/about,"21,854.21",2.38%,- brand channel,0,360234,2018-04-30 14:28:27,25,UCPy4EQ9HhP-g9xc4yDahhnQ
super smash bro tutorial,IzawSmash,testEmail,country not detected,https://www.youtube.com/channel/UC3SM8yOKKwU8PYqwsNP5rGA/about,"21,819.42",4.89%,- super smash training channel,0,77528,2018-05-07 14:47:00,25,UC3SM8yOKKwU8PYqwsNP5rGA
evga review,Spartan Geek,testEmail,n/a,https://www.youtube.com/channel/UCk5P7-ZHAS8ddSEkUA2yXHA/about,"21,676.55",8.75%,- foreign channel,0,295033,2018-04-30 14:36:10,12,UCk5P7-ZHAS8ddSEkUA2yXHA
mech keyboard tutorial,Joanne Tech Lover,testEmail,US,https://www.youtube.com/channel/UCDtH9xTCEPzpR_FJiuZ-hFQ/about,"21,426.58",6.00%,- dead channel,0,110095,2018-04-30 10:19:33,13,UCDtH9xTCEPzpR_FJiuZ-hFQ
overwatch tips,JoeKing,testEmail,US,https://www.youtube.com/channel/UCZMMS-o10rVN7-9hogl2weA/about,"21,309.58",4.05%,no notes,0,44432,2018-05-07 15:17:01,13,UCZMMS-o10rVN7-9hogl2weA
best mech keys,GrimmGreen,testEmail,US,https://www.youtube.com/channel/UCcTfQohClxDpYDBCnuS1azQ/about,"20,932.00",5.17%,"- ecig channel
- vaping channel",0,364044,2018-04-30 10:08:36,16,UCcTfQohClxDpYDBCnuS1azQ
pubg,Shamanenok,testEmail,country not detected,https://www.youtube.com/channel/UCFuqaVBw9wJVH_cC10fiUOg/about,"20,702.91",6.31%,- foreign channel,0,60414,2018-05-07 13:31:31,25,UCFuqaVBw9wJVH_cC10fiUOg
home audio,Cassadee Pope,testEmail,country not detected,https://www.youtube.com/channel/UCK_TKtKNxze-WYC61kTlu2A/about,"20,663.55",1.92%,- music channel,0,234863,2018-05-07 15:22:17,12,UCK_TKtKNxze-WYC61kTlu2A
fortnite strategy solo,True Vanguard,testEmail,country not detected,https://www.youtube.com/channel/UCY6Qy4qU-d13U42280CxIvA/about,"20,546.86",8.51%,"- gaming channel
- destiny channel
- also streams",1,196859,2018-05-07 15:28:12,23,UCY6Qy4qU-d13U42280CxIvA
gaming chair vs office chair,JD Ultimate,testEmail,n/a,https://www.youtube.com/channel/UCszCiwjbqla37kHqBmJOiOg/about,"20,357.75",0.99%,,0,137,2018-04-30 14:48:28,4,UCszCiwjbqla37kHqBmJOiOg