discovery keyword,channel name,email,country,URL,AVG views,AVG engagement,notes,reachOut,total subs,date recorded,sampleSize,id,categoryId
how to dress as a guy,TheNotAdam,testEmail,US,https://www.youtube.com/channel/UCSm-_hWKYyybB-m1VqOYfPw/about,"16,525.63",9.40%,no notes,0,134132,2018-05-17 15:14:42,8,UCSm-_hWKYyybB-m1VqOYfPw,People & Blogs
ootd guy,Mango Street,testEmail,US,https://www.youtube.com/channel/UC5bp5_6h-ZxkBz6S_33ZUVg/about,"60,058.86",8.85%,no notes,0,628961,2018-05-17 15:16:44,16,UC5bp5_6h-ZxkBz6S_33ZUVg,Education
dude fashion,The Voodoo Child,testEmail,US,https://www.youtube.com/channel/UC_XcYr-3JNkhlS6IFZN9Fig/about,"10,304.87",8.81%,no notes,0,76967,2018-05-17 15:13:57,15,UC_XcYr-3JNkhlS6IFZN9Fig,People & Blogs
streewear trends,NameBran,testEmail,country not detected,https://www.youtube.com/channel/UCdcRYMnlIQs4PcecZrXEQlw/about,"10,049.59",7.86%,no notes,1,306968,2018-05-30 16:42:25,18,UCdcRYMnlIQs4PcecZrXEQlw,How-to & Style
streewear trends,Hana Lee,testEmail,US,https://www.youtube.com/channel/UCo4AJ7G2Qf5XXaH0CToSc1A/about,"14,699.08",7.78%,no notes,0,108551,2018-05-30 16:42:22,12,UCo4AJ7G2Qf5XXaH0CToSc1A,How-to & Style
streewear trends,Q2HAN,testEmail,country not detected,https://www.youtube.com/channel/UCxANYxgMTfJp3ZE8opnvJvQ/about,"39,706.33",7.77%,no notes,0,333044,2018-05-30 16:42:00,9,UCxANYxgMTfJp3ZE8opnvJvQ,How-to & Style
dude fashion advice,Eddie Win,testEmail,country not detected,https://www.youtube.com/channel/UCilIoZLdZ3Bl6h-DCqvgcyQ/about,"9,756.86",7.69%,no notes,1,104094,2018-05-17 15:14:58,8,UCilIoZLdZ3Bl6h-DCqvgcyQ,How-to & Style
mens fashion subtle statement,NICK,testEmail,CA,https://www.youtube.com/channel/UCx4Y7USnN0Rb2ZtGCM60C1w/about,"59,838.30",7.54%,no notes,1,52621,2018-05-31 16:51:40,11,UCx4Y7USnN0Rb2ZtGCM60C1w,People & Blogs
sweater for men,VeryPink Knits,testEmail,US,https://www.youtube.com/channel/UCrRT4LwemxYrZxj-HeCkK9Q/about,"9,177.90",7.31%,no notes,0,259240,2018-05-17 15:12:48,11,UCrRT4LwemxYrZxj-HeCkK9Q,How-to & Style
jacksucksatlife,JackSucksAtLife,testEmail,GB,https://www.youtube.com/channel/UCewMTclBJZPaNEfbf-qYMGA/about,"72,539.86",7.29%,no notes,0,409449,2018-05-31 10:05:56,7,UCewMTclBJZPaNEfbf-qYMGA,Comedy
sweater for men,BAG-O-DAY CROCHET & MORE,testEmail,US,https://www.youtube.com/channel/UCIVgwNInFTcstc0cILr5Kpg/about,"12,453.42",7.21%,no notes,0,339775,2018-05-17 15:12:58,25,UCIVgwNInFTcstc0cILr5Kpg,How-to & Style
jacksucksatlife,Dangthatsalongname,testEmail,GB,https://www.youtube.com/channel/UCxucf8O8itcmkqu3d7yUavg/about,"48,413.50",7.01%,no notes,0,405738,2018-05-31 10:06:01,24,UCxucf8O8itcmkqu3d7yUavg,Gaming
sweater for men,Annoo Crochet Designs,testEmail,US,https://www.youtube.com/channel/UCmne1QCpZtMPZvqJxSRI4kw/about,"10,628.85",6.86%,no notes,5,141528,2018-05-17 15:12:42,14,UCmne1QCpZtMPZvqJxSRI4kw,How-to & Style
mens fashion inspiration week,Drew Scott,testEmail,US,https://www.youtube.com/channel/UCPJsiGiTpWwNTaXN4cD7n_A/about,"20,413.54",6.83%,no notes,1,372602,2018-05-31 16:48:34,14,UCPJsiGiTpWwNTaXN4cD7n_A,People & Blogs
mens fashion collective fall winter pickups,SneakerTalk,testEmail,CA,https://www.youtube.com/channel/UCo44inc4e4hvEaa1U5HpRqg/about,"10,417.50",6.47%,no notes,0,203706,2018-05-31 16:49:13,6,UCo44inc4e4hvEaa1U5HpRqg,People & Blogs
street fashion advice,Carly Cristman,testEmail,country not detected,https://www.youtube.com/channel/UCyIXU59CyRSAXh6f6yIjJTw/about,"43,935.60",6.40%,no notes,0,773311,2018-05-17 15:16:15,5,UCyIXU59CyRSAXh6f6yIjJTw,How-to & Style
ootd guy,Edward Zo,testEmail,US,https://www.youtube.com/channel/UCgo7k0Oq88UBCi_Won67JTA/about,"48,604.81",6.33%,no notes,1,279716,2018-05-17 15:16:36,18,UCgo7k0Oq88UBCi_Won67JTA,How-to & Style
fit guys do everyday,blogilates,testEmail,US,https://www.youtube.com/channel/UCIJwWYOfsCfz6PjxbONYXSg/about,"82,900.00",6.08%,no notes,0,4173571,2018-05-30 16:41:04,2,UCIJwWYOfsCfz6PjxbONYXSg,How-to & Style
street fashion advice,Wishtrend TV,testEmail,country not detected,https://www.youtube.com/channel/UC6sK-8-j1jmQFuxmuk9ainw/about,"22,945.25",6.08%,no notes,0,579644,2018-05-17 15:16:25,4,UC6sK-8-j1jmQFuxmuk9ainw,How-to & Style
dude fashion advice,Liza Koshy,testEmail,US,https://www.youtube.com/channel/UCxSz6JVYmzVhtkraHWZC7HQ/about,"8,250,537.43",6.01%,no notes,0,14449496,2018-05-17 15:15:01,22,UCxSz6JVYmzVhtkraHWZC7HQ,Comedy
best short haircut for men,Robin James,testEmail,GB,https://www.youtube.com/channel/UC0zYuwJf9-i3ROZ1F30gV4w/about,"12,193.93",5.95%,no notes,0,216469,2018-05-31 16:46:44,15,UC0zYuwJf9-i3ROZ1F30gV4w,How-to & Style
streewear trends,stylebysrxgs,testEmail,US,https://www.youtube.com/channel/UC8opu7RhDGpEsNrhCvQcJWQ/about,"10,225.48",5.84%,no notes,1,56193,2018-05-30 16:42:57,25,UC8opu7RhDGpEsNrhCvQcJWQ,How-to & Style
fashion for men,Jesse,testEmail,US,https://www.youtube.com/channel/UCgefQJC5UgbWJHDxBqB4qVg/about,"1,569,079.05",5.67%,no notes,0,10508733,2018-05-17 15:12:32,24,UCgefQJC5UgbWJHDxBqB4qVg,Comedy
mens fashion collective fall winter pickups,Sangiev,testEmail,GB,https://www.youtube.com/channel/UCrEFCdOOfJHZi5tvnS0jLlA/about,"31,965.08",5.41%,no notes,0,69938,2018-05-31 16:49:19,25,UCrEFCdOOfJHZi5tvnS0jLlA,How-to & Style
mens fashion inspiration week,Nathalie Paris,testEmail,country not detected,https://www.youtube.com/channel/UCHxHR63YDdwzBbMRZwC6ZZQ/about,"88,326.56",5.34%,no notes,0,1219873,2018-05-31 16:48:38,17,UCHxHR63YDdwzBbMRZwC6ZZQ,How-to & Style
fashion for men,One Dapper Street,testEmail,country not detected,https://www.youtube.com/channel/UCoxWvJUqQWuWY6kkx1CBHZw/about,"14,530.80",5.19%,no notes,1,68546,2018-05-17 15:12:34,11,UCoxWvJUqQWuWY6kkx1CBHZw,How-to & Style
how to tie a tie,Christine Kobzeff,testEmail,US,https://www.youtube.com/channel/UCg9f9knI31hrUYBN8ey0m6Q/about,"40,256.37",5.19%,no notes,0,763090,2018-05-17 15:15:44,20,UCg9f9knI31hrUYBN8ey0m6Q,How-to & Style
mens fashion lookbook,Gallucks,testEmail,GB,https://www.youtube.com/channel/UCgL9g1sShIgPcseyyKzhG5Q/about,"8,973.54",5.18%,no notes,0,90352,2018-05-31 16:48:25,14,UCgL9g1sShIgPcseyyKzhG5Q,How-to & Style
men fashion advice,Alex Costa,testEmail,US,https://www.youtube.com/channel/UCZyCposXwcyopaACep44maQ/about,"113,145.00",5.12%,no notes,1,1026451,2018-05-17 15:12:07,9,UCZyCposXwcyopaACep44maQ,How-to & Style
mens fashion collective fall winter pickups,Blazendary,testEmail,US,https://www.youtube.com/channel/UCmPxMp-5ZvzFNUp3R3_StuA/about,"252,461.26",5.11%,no notes,0,1121358,2018-05-31 16:49:37,25,UCmPxMp-5ZvzFNUp3R3_StuA,Entertainment
fit guys do everyday,Katie Betzing,testEmail,country not detected,https://www.youtube.com/channel/UCV7YVrESPrTzOjXVwlgJ1pw/about,"161,466.92",5.06%,no notes,0,861753,2018-05-30 16:41:15,25,UCV7YVrESPrTzOjXVwlgJ1pw,Comedy
best sweater guy,TheNeighbourhoodVEVO,testEmail,country not detected,https://www.youtube.com/channel/UCJRqaM_C1asb8fq-zeSps0w/about,"1,203,617.50",4.99%,no notes,0,1530426,2018-05-30 16:32:38,6,UCJRqaM_C1asb8fq-zeSps0w,Music
mens hair tutoial,Travis Bryant,testEmail,US,https://www.youtube.com/channel/UCKRjeLgZ0l5DpEQFUJcFOkQ/about,"47,602.58",4.94%,no notes,0,227104,2018-05-31 16:47:35,25,UCKRjeLgZ0l5DpEQFUJcFOkQ,People & Blogs
men fashion advice,Based Zeus,testEmail,US,https://www.youtube.com/channel/UC1PkRYud11ogYDqgdqd23Zw/about,"170,946.37",4.86%,no notes,0,859195,2018-05-17 15:12:14,20,UC1PkRYud11ogYDqgdqd23Zw,Entertainment
how to dress as a guy,Garret Eckman,testEmail,country not detected,https://www.youtube.com/channel/UCau7GNIuGiO2qrojmWPTL5A/about,"8,596.07",4.84%,no notes,0,23783,2018-05-17 15:14:45,16,UCau7GNIuGiO2qrojmWPTL5A,People & Blogs
how should a suit fit,Gentleman's Gazette,testEmail,US,https://www.youtube.com/channel/UCEgoThiTZG6wbTVA6B1Ksaw/about,"18,669.43",4.81%,no notes,0,227864,2018-05-17 15:15:13,7,UCEgoThiTZG6wbTVA6B1Ksaw,How-to & Style
mens fashion lookbook,Jadon Grundy,testEmail,US,https://www.youtube.com/channel/UCuKr_vLi8Zh_2DVQjrzgukw/about,"8,141.79",4.73%,no notes,0,14642,2018-05-31 16:47:57,25,UCuKr_vLi8Zh_2DVQjrzgukw,How-to & Style
mens hair tutoial,Merijn,testEmail,country not detected,https://www.youtube.com/channel/UCRFUw9QQy7ypUkIe-HOVdZw/about,"47,269.48",4.73%,no notes,0,207231,2018-05-31 16:47:00,25,UCRFUw9QQy7ypUkIe-HOVdZw,Sport
mens fashion lookbook,Ali Gordon,testEmail,GB,https://www.youtube.com/channel/UC4ZKWbtWVdTMh3VCZe3xiYw/about,"31,046.36",4.72%,no notes,0,99439,2018-05-31 16:48:19,15,UC4ZKWbtWVdTMh3VCZe3xiYw,People & Blogs
mens fashion subtle statement,Lisa Eldridge,testEmail,country not detected,https://www.youtube.com/channel/UCFghPtzFcmyDiID1ASMA4Dg/about,"278,772.18",4.70%,no notes,0,1787698,2018-05-31 16:51:10,12,UCFghPtzFcmyDiID1ASMA4Dg,How-to & Style
guy how to dress,Lauren Messiah,testEmail,US,https://www.youtube.com/channel/UC-B4Ec_YqNreCpmmpARAUXQ/about,"11,048.94",4.62%,no notes,0,48671,2018-05-17 15:13:14,18,UC-B4Ec_YqNreCpmmpARAUXQ,How-to & Style
street fashion advice,Asia Jackson,testEmail,US,https://www.youtube.com/channel/UC6ZCeXD14B7WAJO5nsjGryw/about,"30,344.18",4.62%,no notes,0,274916,2018-05-17 15:16:18,23,UC6ZCeXD14B7WAJO5nsjGryw,How-to & Style
guy how to dress,BluMaan,testEmail,country not detected,https://www.youtube.com/channel/UCbq8_4_mFAx_rzDF5VT7MJw/about,"80,957.91",4.61%,no notes,0,1211138,2018-05-17 15:13:04,11,UCbq8_4_mFAx_rzDF5VT7MJw,How-to & Style
mens fashion subtle statement,Sexy Confidence,testEmail,US,https://www.youtube.com/channel/UCQ8tVVAPgaaH8clY_mzNNgw/about,"15,379.00",4.57%,no notes,0,318830,2018-05-31 16:51:00,10,UCQ8tVVAPgaaH8clY_mzNNgw,How-to & Style
mens hair tutoial,The Rhodes Bros,testEmail,US,https://www.youtube.com/channel/UCqaDaQVS1FF80Hf69YpIYTQ/about,"87,628.42",4.54%,no notes,0,731425,2018-05-31 16:47:13,25,UCqaDaQVS1FF80Hf69YpIYTQ,People & Blogs
ootd guy,Seventeen,testEmail,country not detected,https://www.youtube.com/channel/UC0IXvMUUPeYNVGe88ieMDEg/about,"13,631.64",4.47%,no notes,0,879281,2018-05-17 15:16:47,15,UC0IXvMUUPeYNVGe88ieMDEg,How-to & Style
fashion tips for guys,Gabrielle Moses,testEmail,US,https://www.youtube.com/channel/UCFp65-s_fyaBjVZbVyp--Kw/about,"101,828.14",4.43%,no notes,0,303494,2018-05-17 15:13:26,25,UCFp65-s_fyaBjVZbVyp--Kw,How-to & Style
custom id input,The Modest Man,testEmail,US,https://www.youtube.com/channel/UClbfoD1o7sV0VxErpxTCpyw/about,"13,411.53",4.34%,no notes,1,121554,2018-06-01 12:40:20,18,UClbfoD1o7sV0VxErpxTCpyw,How-to & Style
fit guys do everyday,GRM Daily,testEmail,GB,https://www.youtube.com/channel/UCqTwKvjbTENZDGbz2si47ag/about,"10,309.07",4.32%,no notes,0,1067828,2018-05-30 16:41:27,16,UCqTwKvjbTENZDGbz2si47ag,Music
mens hair tutoial,JairWoo,testEmail,country not detected,https://www.youtube.com/channel/UCtk95ovBZbBKYfxIg8RQCSw/about,"9,684.17",4.31%,no notes,0,387364,2018-05-31 16:47:03,25,UCtk95ovBZbBKYfxIg8RQCSw,How-to & Style
best short haircut for men,Jordan O'Brien,testEmail,US,https://www.youtube.com/channel/UCSNtgLG8S073khvrXtoZbog/about,"23,731.50",4.29%,no notes,1,413916,2018-05-31 16:46:01,20,UCSNtgLG8S073khvrXtoZbog,How-to & Style
fashion for dudes,Gavin McInnes,testEmail,country not detected,https://www.youtube.com/channel/UCPGxwlhPEJE89bT4gB6rzhg/about,"48,268.45",4.20%,no notes,0,195997,2018-05-17 15:13:45,12,UCPGxwlhPEJE89bT4gB6rzhg,People & Blogs
sweater for men,Frugal Aesthetic,testEmail,US,https://www.youtube.com/channel/UCyL0RJe41itDFjd70KKZIZQ/about,"233,877.29",4.20%,no notes,0,394693,2018-05-17 15:12:45,18,UCyL0RJe41itDFjd70KKZIZQ,How-to & Style
how should a suit fit,Tyler Stalman,testEmail,CA,https://www.youtube.com/channel/UC6OICk-ceplUJf4sCN3DMnQ/about,"52,364.64",4.17%,no notes,0,85990,2018-05-17 15:15:25,25,UC6OICk-ceplUJf4sCN3DMnQ,Science & Technology
best short haircut for men,Maksim Nikitochkin,testEmail,country not detected,https://www.youtube.com/channel/UCiI05hTrBeeqSRUrIwJsLlQ/about,"27,893.50",4.11%,no notes,0,184587,2018-05-31 16:46:42,12,UCiI05hTrBeeqSRUrIwJsLlQ,Education
mens fashion lookbook,Hueguh,testEmail,country not detected,https://www.youtube.com/channel/UClqxWoHXKDX4PJtoZ8p_oLQ/about,"23,425.00",4.06%,no notes,0,19085,2018-05-31 16:48:27,10,UClqxWoHXKDX4PJtoZ8p_oLQ,How-to & Style
guy how to dress,Brett Maverick,testEmail,country not detected,https://www.youtube.com/channel/UC5fqfItld8kQufe3djD6wAw/about,"49,293.25",3.90%,no notes,1,166227,2018-05-17 15:13:07,25,UC5fqfItld8kQufe3djD6wAw,How-to & Style
ootd guy,Thomas In Action,testEmail,country not detected,https://www.youtube.com/channel/UCwF4kF2bV6DZrnS6R7wMO4A/about,"13,973.00",3.88%,no notes,0,75895,2018-05-17 15:16:29,3,UCwF4kF2bV6DZrnS6R7wMO4A,How-to & Style
how to dress as a guy,Marissa Rachel,testEmail,country not detected,https://www.youtube.com/channel/UCw3c7PID_2jtBn4fH6yNzng/about,"122,845.50",3.75%,no notes,0,1612710,2018-05-17 15:14:52,8,UCw3c7PID_2jtBn4fH6yNzng,Entertainment
best short haircut for men,Negeen Dargahi,testEmail,US,https://www.youtube.com/channel/UCQFmSsxwJwOALJZp3GYf7Cg/about,"26,355.50",3.67%,no notes,0,90648,2018-05-31 16:46:32,25,UCQFmSsxwJwOALJZp3GYf7Cg,How-to & Style
mens fashion collective fall winter pickups,Sean Ko,testEmail,US,https://www.youtube.com/channel/UC9MSVmDxs3ZwX3BJdbs42Bg/about,"26,302.42",3.66%,no notes,0,23748,2018-05-31 16:49:16,25,UC9MSVmDxs3ZwX3BJdbs42Bg,How-to & Style
men fashion advice,AWxInc,testEmail,US,https://www.youtube.com/channel/UCaaApS4TMI3KueyAkIQv1XQ/about,"23,261.11",3.64%,no notes,1,293168,2018-05-17 15:12:12,10,UCaaApS4TMI3KueyAkIQv1XQ,How-to & Style
guy fashion advice,KamaTV,testEmail,GB,https://www.youtube.com/channel/UC2onM4kU0ChVbwlYMemRJEg/about,"8,202.96",3.53%,no notes,0,134377,2018-05-17 15:14:33,25,UC2onM4kU0ChVbwlYMemRJEg,How-to & Style
mens fashion inspiration week,Brianna White,testEmail,US,https://www.youtube.com/channel/UCfweteqnwK2ayGQF5LvOfUQ/about,"73,188.38",3.47%,no notes,0,625019,2018-05-31 16:48:49,25,UCfweteqnwK2ayGQF5LvOfUQ,How-to & Style
fashion advice male,Tripp Advice,testEmail,US,https://www.youtube.com/channel/UCjTMOi3cpslA7JUmPdfD6MQ/about,"26,105.20",3.44%,no notes,0,573433,2018-05-30 16:33:04,6,UCjTMOi3cpslA7JUmPdfD6MQ,How-to & Style
streewear trends,Orchard Clothing,testEmail,GB,https://www.youtube.com/channel/UCHwCNKq8DYA3Ol-Uekb4N5w/about,"8,367.04",3.43%,no notes,0,17277,2018-05-30 16:42:38,25,UCHwCNKq8DYA3Ol-Uekb4N5w,How-to & Style
men fashion advice,Casually Explained,testEmail,CA,https://www.youtube.com/channel/UCr3cBLTYmIK9kY0F_OdFWFQ/about,"2,410,771.75",3.43%,no notes,0,1716619,2018-05-17 15:12:10,25,UCr3cBLTYmIK9kY0F_OdFWFQ,Comedy
fashion tips for guys,Richie Le,testEmail,US,https://www.youtube.com/channel/UCI9gIf0scF8jeXziFyXG-Zw/about,"129,301.83",3.42%,no notes,1,836428,2018-05-17 15:13:34,25,UCI9gIf0scF8jeXziFyXG-Zw,How-to & Style
best short haircut for men,Slikhaar TV - Men's hair,testEmail,US,https://www.youtube.com/channel/UCC-ygwC3ZfSRhIcao8a2zyQ/about,"42,838.63",3.33%,no notes,0,1867188,2018-05-31 16:46:11,20,UCC-ygwC3ZfSRhIcao8a2zyQ,How-to & Style
mens hair tutoial,Hair 101 with April,testEmail,US,https://www.youtube.com/channel/UCo0LVAoq-v44oStngiVkQjg/about,"14,902.45",3.29%,no notes,0,393632,2018-05-31 16:46:55,12,UCo0LVAoq-v44oStngiVkQjg,How-to & Style
men fashion advice,Anthony DelucV,testEmail,CA,https://www.youtube.com/channel/UCAdqRI-KDQPqFqxTAkSzZVw/about,"46,701.08",3.14%,no notes,0,275939,2018-05-17 15:12:20,25,UCAdqRI-KDQPqFqxTAkSzZVw,How-to & Style
men fashion advice,Dre Drexler,testEmail,US,https://www.youtube.com/channel/UCHdPuKshPHyRHE3rz75rXdw/about,"84,080.43",3.13%,no notes,0,402728,2018-05-17 15:12:17,23,UCHdPuKshPHyRHE3rz75rXdw,How-to & Style
mens hair tutoial,Tim Bryan,testEmail,country not detected,https://www.youtube.com/channel/UCeHjI5u_TFOs_QjDNg9CTuQ/about,"18,834.88",3.07%,no notes,0,89184,2018-05-31 16:47:21,25,UCeHjI5u_TFOs_QjDNg9CTuQ,How-to & Style
streewear trends,Payday Pickups,testEmail,GB,https://www.youtube.com/channel/UC_vSZ47aQoj0xbMRFBWIPcg/about,"9,206.29",2.93%,no notes,0,28581,2018-05-30 16:42:06,25,UC_vSZ47aQoj0xbMRFBWIPcg,Film & Animation
ootd guy,Cameron Cretney,testEmail,CA,https://www.youtube.com/channel/UCked-GyJFdZGc0kRMMtlV0g/about,"11,694.07",2.82%,no notes,0,103316,2018-05-17 15:16:39,15,UCked-GyJFdZGc0kRMMtlV0g,How-to & Style
best sweater guy,ChildishGambinoVEVO,testEmail,country not detected,https://www.youtube.com/channel/UCjYO25ZVJT523TD1iYHzcbw/about,"74,871,945.67",2.68%,no notes,0,1733278,2018-05-30 16:32:40,3,UCjYO25ZVJT523TD1iYHzcbw,Music
mens hair tutoial,JT Greer,testEmail,country not detected,https://www.youtube.com/channel/UCKT0nHvvalcvojyoQ9bRLTg/about,"23,438.65",2.68%,no notes,0,20810,2018-05-31 16:47:06,21,UCKT0nHvvalcvojyoQ9bRLTg,Entertainment
streewear trends,Locust&WildHoney,testEmail,US,https://www.youtube.com/channel/UCc9Op944CTbAAx1U1b1c1xQ/about,"43,155.88",2.63%,no notes,1,51871,2018-05-30 16:42:10,25,UCc9Op944CTbAAx1U1b1c1xQ,People & Blogs
streewear trends,PicSoleAted,testEmail,country not detected,https://www.youtube.com/channel/UCJB93GzXj68MBgG7bL5SRnA/about,"11,923.96",2.52%,no notes,0,15196,2018-05-30 16:41:52,25,UCJB93GzXj68MBgG7bL5SRnA,How-to & Style
guy how to dress,TheBrandonLeeCook,testEmail,US,https://www.youtube.com/channel/UCPLRRxuWP6czo0YOsC85a0A/about,"8,650.42",2.46%,no notes,0,56307,2018-05-17 15:13:12,13,UCPLRRxuWP6czo0YOsC85a0A,How-to & Style
mens hair tutoial,TonyMontana301,testEmail,country not detected,https://www.youtube.com/channel/UCrX_y_nHy1qminOJB7vNVDg/about,"37,907.26",2.40%,no notes,0,170446,2018-05-31 16:47:37,25,UCrX_y_nHy1qminOJB7vNVDg,Comedy
mens hair tutoial,Jake Daniels,testEmail,country not detected,https://www.youtube.com/channel/UCL4_AGmovgn7txkGcuJLvPg/about,"24,543.33",2.30%,no notes,1,311362,2018-05-31 16:47:17,25,UCL4_AGmovgn7txkGcuJLvPg,How-to & Style
fit guys do everyday,Frank Medrano,testEmail,country not detected,https://www.youtube.com/channel/UCP8wqLAt5qYMmOwMB7-mvTQ/about,"667,022.00",2.22%,no notes,0,860977,2018-05-30 16:41:11,2,UCP8wqLAt5qYMmOwMB7-mvTQ,How-to & Style
dude fashion advice,GQ,testEmail,US,https://www.youtube.com/channel/UCsEukrAd64fqA7FjwkmZ_Dw/about,"880,083.04",2.10%,no notes,0,2082785,2018-05-17 15:15:07,25,UCsEukrAd64fqA7FjwkmZ_Dw,Entertainment
mens hair tutoial,SEB!,testEmail,US,https://www.youtube.com/channel/UCckkCSksyrKPaPY3WGSqweA/about,"131,000.17",2.01%,no notes,0,9470,2018-05-31 16:47:26,6,UCckkCSksyrKPaPY3WGSqweA,Entertainment
best short haircut for men,Tips for Clips - Haircutting,testEmail,country not detected,https://www.youtube.com/channel/UClQta0tm3a9jGucq0H3aL_g/about,"40,956.55",1.97%,no notes,0,18481,2018-05-31 16:46:39,23,UClQta0tm3a9jGucq0H3aL_g,How-to & Style
fashion for dudes,BluMaan Community,testEmail,GB,https://www.youtube.com/channel/UCmA2Ob4FLO1WZweUV2DOGhw/about,"29,451.70",1.94%,no notes,0,18943,2018-05-17 15:13:48,25,UCmA2Ob4FLO1WZweUV2DOGhw,How-to & Style
mens hair tutoial,Trevor Kowalski,testEmail,CA,https://www.youtube.com/channel/UCBYP1Vy6KF85DlHzJ2A7daA/about,"9,035.26",1.84%,no notes,0,1560,2018-05-31 16:47:41,24,UCBYP1Vy6KF85DlHzJ2A7daA,People & Blogs
fit guys do everyday,ArianaGrandeVevo,testEmail,country not detected,https://www.youtube.com/channel/UC0VOyT2OCBKdQhF3BAbZ-1g/about,"78,747,900.67",1.75%,no notes,0,19293938,2018-05-30 16:41:05,3,UC0VOyT2OCBKdQhF3BAbZ-1g,Music
best sweater guy,Mr. Crazynotes,testEmail,country not detected,https://www.youtube.com/channel/UCQ2Fy7IwPMG9cz1C184tk1g/about,"756,376.00",1.71%,no notes,0,1878,2018-05-30 16:32:50,4,UCQ2Fy7IwPMG9cz1C184tk1g,People & Blogs
fashion for men,"Glam, Inc.",testEmail,country not detected,https://www.youtube.com/channel/UCrKE6lsllHfJgcUexz3BBhA/about,"234,822.91",1.70%,no notes,0,726541,2018-05-17 15:12:29,12,UCrKE6lsllHfJgcUexz3BBhA,How-to & Style
how to tie a tie,DaveHax,testEmail,GB,https://www.youtube.com/channel/UC0rDDvHM7u_7aWgAojSXl1Q/about,"378,362.29",1.70%,no notes,0,3830630,2018-05-17 15:15:41,25,UC0rDDvHM7u_7aWgAojSXl1Q,How-to & Style
fashion for dudes,Starme92,testEmail,country not detected,https://www.youtube.com/channel/UCGyq_wKqVu3N5uDcPI3gUig/about,"101,085.25",1.63%,no notes,5,378,2018-05-17 15:13:49,4,UCGyq_wKqVu3N5uDcPI3gUig,People & Blogs
fit guys do everyday,TLC,testEmail,country not detected,https://www.youtube.com/channel/UCqf2gzmKtH3PaAbt-qgFFsw/about,"23,890.00",1.50%,no notes,5,2571998,2018-05-30 16:41:35,25,UCqf2gzmKtH3PaAbt-qgFFsw,Entertainment
streewear trends,Highsnobiety,testEmail,country not detected,https://www.youtube.com/channel/UCNe161YMUykW264kFe5PWxA/about,"20,712.70",1.49%,no notes,5,258215,2018-05-30 16:41:58,11,UCNe161YMUykW264kFe5PWxA,How-to & Style
best short haircut for men,Carter Supply Company,testEmail,US,https://www.youtube.com/channel/UCNhTbahoRNRToiIq39hEkPg/about,"18,016.26",1.38%,no notes,fashion,108072,2018-05-31 16:46:16,25,UCNhTbahoRNRToiIq39hEkPg,How-to & Style
tie tutorial,Youtique Bridal,testEmail,country not detected,https://www.youtube.com/channel/UCwP_JT375d-lRE3yErOZpeQ/about,"8,042.75",1.36%,no notes,5,42492,2018-05-17 15:16:04,25,UCwP_JT375d-lRE3yErOZpeQ,How-to & Style
best sweater guy,Saturday Night Live,testEmail,country not detected,https://www.youtube.com/channel/UCqFzWxSCi39LnW1JKFR3efg/about,"1,086,218.75",1.34%,no notes,5,5885418,2018-05-30 16:32:55,8,UCqFzWxSCi39LnW1JKFR3efg,Entertainment
how to dress as a guy,teddybearturnsaround,testEmail,country not detected,https://www.youtube.com/channel/UCEAYu9XLrcgocgED2a-7IrA/about,"75,702.33",1.24%,no notes,5,543,2018-05-17 15:14:51,3,UCEAYu9XLrcgocgED2a-7IrA,How-to & Style
fit guys do everyday,Stronger Than The World,testEmail,country not detected,https://www.youtube.com/channel/UCYlMlavtN2ppRd7a6U_4ymg/about,"46,756.46",1.18%,no notes,5,232714,2018-05-30 16:41:03,25,UCYlMlavtN2ppRd7a6U_4ymg,People & Blogs
mens hair tutoial,BeginnerCutz,testEmail,CA,https://www.youtube.com/channel/UC3lmBFfBEQjPxPwlv252xaA/about,"25,798.29",1.13%,no notes,fashion,34853,2018-05-31 16:47:24,25,UC3lmBFfBEQjPxPwlv252xaA,How-to & Style
mens hair tutoial,Barberology Tube,testEmail,GB,https://www.youtube.com/channel/UCD1eg5HH9h8MYiLmueABa3w/about,"9,004.00",1.06%,no notes,fashion,1405,2018-05-31 16:47:27,13,UCD1eg5HH9h8MYiLmueABa3w,How-to & Style
best sweater guy,ThoseLilRabbits,testEmail,country not detected,https://www.youtube.com/channel/UCVNqBhdq266Abv9IB9_dDFA/about,"46,097.50",1.05%,no notes,5,104705,2018-05-30 16:32:56,2,UCVNqBhdq266Abv9IB9_dDFA,Comedy
streewear trends,Hip Hop TV,testEmail,country not detected,https://www.youtube.com/channel/UCf7SWkc9HeU6jgepLzsMQHw/about,"98,618.57",0.99%,no notes,5,0,2018-05-30 16:43:00,15,UCf7SWkc9HeU6jgepLzsMQHw,People & Blogs
streewear trends,DanceMadeMyDay,testEmail,country not detected,https://www.youtube.com/channel/UC72Swjq7JyW0PudgKFei6Hg/about,"10,971.18",0.97%,no notes,5,849,2018-05-30 16:43:14,18,UC72Swjq7JyW0PudgKFei6Hg,People & Blogs
mens fashion collective fall winter pickups,Ryan Roxx,testEmail,US,https://www.youtube.com/channel/UCtHJVSvOXNZbdFLh9343K_w/about,"9,205.17",0.88%,no notes,fashion,402,2018-05-31 16:49:38,6,UCtHJVSvOXNZbdFLh9343K_w,People & Blogs
how should a suit fit,GUYDE,testEmail,country not detected,https://www.youtube.com/channel/UC-8c-8CC0bbr9rzMBPx1ujw/about,"46,919.33",0.86%,no notes,5,813,2018-05-17 15:15:26,3,UC-8c-8CC0bbr9rzMBPx1ujw,People & Blogs
how should a suit fit,The Armoury,testEmail,US,https://www.youtube.com/channel/UCo1nG89OVkg9z_gffYAiTmQ/about,"17,528.57",0.86%,no notes,5,0,2018-05-17 15:15:14,8,UCo1nG89OVkg9z_gffYAiTmQ,People & Blogs
best sweater guy,LabrinthVEVO,testEmail,country not detected,https://www.youtube.com/channel/UCGLzRVwflLiCoKKErrMfREg/about,"1,475,252.42",0.82%,no notes,5,770008,2018-05-30 16:32:43,13,UCGLzRVwflLiCoKKErrMfREg,Music
how to tie a tie,How to tie a tie,testEmail,country not detected,https://www.youtube.com/channel/UC4UuK5vs0b8HhqLDE6ssWOA/about,"146,949.33",0.82%,no notes,5,0,2018-05-17 15:15:48,3,UC4UuK5vs0b8HhqLDE6ssWOA,People & Blogs
how to tie a tie,defragmenteur,testEmail,country not detected,https://www.youtube.com/channel/UCKuNZ_YWNoBeNbZ6gYTm9sw/about,"477,520.83",0.70%,no notes,5,18779,2018-05-17 15:15:38,7,UCKuNZ_YWNoBeNbZ6gYTm9sw,How-to & Style
best short haircut for men,Barber Secrets,testEmail,country not detected,https://www.youtube.com/channel/UCCjj4R4hS9MfHIDFDYeoGdQ/about,"83,839.00",0.64%,no notes,fashion,1500,2018-05-31 16:46:12,4,UCCjj4R4hS9MfHIDFDYeoGdQ,People & Blogs
guy how to dress,Alex Webb,testEmail,US,https://www.youtube.com/channel/UCKcbd_1co-FhrdqRCumEZcw/about,"8,839.76",0.60%,no notes,5,1925,2018-05-17 15:13:21,18,UCKcbd_1co-FhrdqRCumEZcw,Travel & Events
how to tie a tie,MyNiceTie,testEmail,US,https://www.youtube.com/channel/UC0LQQ94zC6JyfcdaO3rjcZQ/about,"470,645.45",0.56%,no notes,5,56899,2018-05-17 15:15:46,12,UC0LQQ94zC6JyfcdaO3rjcZQ,How-to & Style
how should a suit fit,Rampley & Co,testEmail,GB,https://www.youtube.com/channel/UCV2blv2VhVIv8k8t73_6YIQ/about,"9,967.60",0.55%,no notes,5,1003,2018-05-17 15:15:28,15,UCV2blv2VhVIv8k8t73_6YIQ,How-to & Style
mens fashion subtle statement,Mens Fashion Magazine (MFM),testEmail,country not detected,https://www.youtube.com/channel/UCnFRU6mTqnTbQ2ZCjHITaEQ/about,"20,262.92",0.53%,no notes,fashion,6886,2018-05-31 16:51:08,13,UCnFRU6mTqnTbQ2ZCjHITaEQ,How-to & Style
how to tie a tie,Ties.com®,testEmail,country not detected,https://www.youtube.com/channel/UCpRfx_WzI7kxgIC27FHJrew/about,"185,524.38",0.46%,no notes,5,18944,2018-05-17 15:15:52,14,UCpRfx_WzI7kxgIC27FHJrew,How-to & Style
how to tie a tie,tiehole,testEmail,country not detected,https://www.youtube.com/channel/UCN9KJcXJVRfZ8BXb__fjMhQ/about,"781,660.69",0.43%,no notes,5,67923,2018-05-17 15:15:35,14,UCN9KJcXJVRfZ8BXb__fjMhQ,How-to & Style
best sweater guy,phil23,testEmail,country not detected,https://www.youtube.com/channel/UCEV5aivM6_AvV8x7oMjzEjQ/about,"4,270,819.67",0.36%,no notes,5,1488,2018-05-30 16:32:43,3,UCEV5aivM6_AvV8x7oMjzEjQ,Comedy
dude fashion,gavonl,testEmail,country not detected,https://www.youtube.com/channel/UCbE123J9bs3u5brlaMAoIHw/about,"86,165.57",0.27%,no notes,5,339,2018-05-17 15:14:17,25,UCbE123J9bs3u5brlaMAoIHw,Comedy
best short haircut for men,charis vinoya,testEmail,country not detected,https://www.youtube.com/channel/UCELHEm5X1fN4CpuzFxEl64g/about,"10,092,625.00",0.19%,no notes,fashion,4237,2018-05-31 16:46:12,2,UCELHEm5X1fN4CpuzFxEl64g,Entertainment
mens fashion subtle statement,Levi's®,testEmail,country not detected,https://www.youtube.com/channel/UCNFVl0Sp2AN0d2uALmaOarg/about,"160,329.00",0.01%,no notes,fashion,151617,2018-05-31 16:50:48,15,UCNFVl0Sp2AN0d2uALmaOarg,How-to & Style
mens dapper club review,Trunk Club,testEmail,country not detected,https://www.youtube.com/channel/UClTDY_RqkPgFa-HZOXIROyA/about,"143,070.91",0.00%,no notes,fashion,3939,2018-05-31 16:50:36,25,UClTDY_RqkPgFa-HZOXIROyA,How-to & Style
how to tie a tie,Steve TV Show,testEmail,US,https://www.youtube.com/channel/UCEs-zSwH2NYGskxF-ptoT1w/about,"8,929.75",,no notes,5,2035908,2018-05-17 15:15:54,17,UCEs-zSwH2NYGskxF-ptoT1w,Entertainment